,f_lat,f_long,fv_redshift,f_ra_deg,f_dec_deg
0,-38.427898136331386,258.52030724808384,0.341,74.33333333333333,-51.39305555555556
1,-68.12885267168046,289.5002430107531,0.1758,20.320833333333333,-48.21361111111111
2,-37.63860931928532,56.45265187807289,0.5976,326.3,0.1602777777777777
3,-20.21473586791659,115.14583324280729,0.6663,3.0,42.06
4,-0.2251345859111878,174.95025300049917,0.2985,83.0375,33.08694444444445
5,-22.610140747833047,117.44942085012114,0.1739,6.25,39.98
6,-31.562501087223634,132.93038683322357,0.8491,22.75,30.540000000000003
7,0.35485295322227,191.91257483806334,0.1274,93.25,18.786444444444445
8,-20.688475028438226,115.46723342781976,0.4989,3.5,41.64
9,6.124216057332404,26.270416796687304,0.7984,274.3625,-3.095833333333333
10,-3.222970417110891,232.64646827679235,0.4691,109.14583333333331,-18.988888888888887
11,-0.22374532171776915,174.89707624118785,0.3015,83.00416666666666,33.132222222222225
12,-0.22374532171776915,174.89707624118785,0.307,83.00416666666666,33.132222222222225
13,-0.22420121240179403,174.8977738195451,0.2966,83.00416666666666,33.13138888888889
14,-0.22420121240179403,174.8977738195451,0.2995,83.00416666666666,33.13138888888889
15,-0.23868429345609865,174.88166867747768,0.3006,82.97916666666667,33.136944444444445
16,-0.23868429345609865,174.88166867747768,0.3006,82.97916666666667,33.136944444444445
17,-0.23868429345609865,174.88166867747768,0.2981,82.97916666666667,33.136944444444445
18,-0.23868429345609865,174.88166867747768,0.299,82.97916666666667,33.136944444444445
19,-0.23868429345609865,174.88166867747768,0.3003,82.97916666666667,33.136944444444445
20,-0.23868429345609865,174.88166867747768,0.2981,82.97916666666667,33.136944444444445
21,16.734995032724058,278.0027762237775,1.4093,161.10833333333332,-39.91027777777778
22,-53.6897513232476,334.1031417534844,0.2708,340.62916666666666,-54.92166666666667
23,-2.1557060657492713,173.63596778344265,0.3235,80.25,33.1
24,-0.23129138256273796,174.88948908574415,0.3014,82.99166666666666,33.13444444444444
25,-0.23129138256273796,174.88948908574415,0.3062,82.99166666666666,33.13444444444444
26,-0.23129138256273796,174.88948908574415,0.3097,82.99166666666666,33.13444444444444
27,-0.23129138256273796,174.88948908574415,0.3015,82.99166666666666,33.13444444444444
28,-0.23129138256273796,174.88948908574415,0.3015,82.99166666666666,33.13444444444444
29,-8.428953230336672,32.891286347998026,1.6824,290.3541666666667,-3.868333333333333
30,-0.23129138256273796,174.88948908574415,0.3001,82.99166666666666,33.13444444444444
31,35.356695513048855,238.06910387130145,0.8986,145.20833333333334,-2.5486111111111107
32,-60.83079003586321,19.723995099771866,2.5489,339.70416666666665,-29.819444444444443
33,-21.20616478271896,124.8483044342837,1.1515,15.25,41.63
34,-0.36944960556292594,245.0032953805295,0.7597,118.44583333333334,-28.391388888888887
35,27.18703058235977,220.35936263039588,0.2515,130.35416666666666,6.084722222222222
36,-8.79430090995518,252.67705539246043,0.3965,114.175,-39.20222222222223
37,-0.2209237394137553,174.88000500248657,0.3079,82.99583333333334,33.14805555555556
38,4.7912226036220975,167.86994920706658,1.4537,83.5,41.75
39,-20.29234229447057,109.39478377570838,0.2592,356.0,40.8
40,-50.08251558412389,337.7069905995705,0.5113,333.25,-54.96666666666667
41,-49.96341607152513,1.8372391361360452,0.9357,326.75,-40.15
42,-52.727395971428855,274.3436642836116,0.2401,44.75,-56.73333333333333
43,-50.45692074621198,329.680092785825,0.3128,339.0,-59.05
44,-0.22099973057522543,174.88012125939107,0.3061,82.99583333333334,33.14791666666667
45,-49.55767404865811,36.62477861485359,0.3892,329.95,-18.05
46,48.64425807099519,294.85943020289335,0.4538,187.375,-13.883333333333333
47,50.548864222699024,281.79311922234774,0.2996,179.4,-10.1
48,-48.51819140318726,54.21365960362304,0.4549,334.375,-7.333333333333333
49,-53.03038273460533,38.2669691577288,0.1119,333.75,-18.33333333333333
50,-51.755088289867565,205.66976236184502,0.5911,52.75,-16.766666666666666
51,6.512199459476706,332.5166091012003,1.1738,237.60416666666663,-45.82777777777778
52,-46.56080122594407,196.46049773003938,0.1436,54.75,-9.066666666666666
53,-49.35456198752029,271.01191432924895,0.2046,52.0,-56.93333333333333
54,-51.30140408267172,10.619745072118384,0.6855,328.25,-34.55
55,-49.7226806443001,197.56152194099948,0.3899,52.325,-11.266666666666667
56,54.02640071438265,331.04683300680415,0.4368,209.0,-5.283333333333333
57,-48.61338649536586,330.4727837334519,0.4847,335.5,-59.75
58,-51.127002000353684,6.017213496563278,0.3442,328.05,-37.43333333333333
59,-50.57986919417539,3.0744607795487644,0.6338,327.475,-39.31666666666667
60,53.41100814000629,342.61043007037995,0.1685,215.25,-2.4166666666666665
61,-20.248652515772086,14.251365639679014,0.4304,293.75,-25.166666666666668
62,-20.71071767292955,119.272946486257,0.5433,8.25,42.03
63,-21.374547152063908,240.34876757687078,0.3895,94.0,-33.21666666666667
64,75.6854954499014,276.03333846795795,0.4725,186.2333333333333,14.216666666666669
65,-65.16616980310445,350.517431849606,0.3624,348.3,-41.75388888888889
66,51.01204477671026,349.37571862514824,0.386,220.0,-1.8
67,21.299794773567307,147.2623006441314,0.6384,93.42,67.1
68,85.61743453296513,24.463449533600322,0.6261,197.7,26.4
69,61.156947226508926,115.26196769936021,0.1076,199.4,55.580000000000005
70,15.668855681687388,156.8936031960939,0.2304,89.9,56.5
71,25.115639886566434,125.10022853126824,0.7782,57.39,87.2
72,15.450390028558438,109.19407163293447,0.5598,322.53,72.7
73,38.41817535192762,112.25771017502358,0.7001,228.56,75.6
74,14.09743993376526,180.64475418580375,0.3039,101.5,34.9
75,33.85462130138101,124.71906929134994,0.1568,180.41,83.1
76,17.982339984120618,124.01231237534888,0.6971,19.3,80.8
77,16.55592813003299,136.47189872906068,0.1042,65.5,73.6
78,37.630448885744144,108.58353330835423,0.2337,238.26,74.0
79,53.981265540172245,68.29682274144733,0.9482,233.2,42.2
80,26.214545371078973,113.13470432631925,0.3351,286.6,81.2
81,40.62803245271202,217.16964343343165,0.3726,141.5,14.3
82,60.2936732709514,130.8202922958303,2.8212,185.8,56.4
83,-14.642647635468288,77.82046073602166,0.7862,320.9,29.5
84,-42.96848886880805,112.11723316264737,0.6317,4.5,19.2
85,15.689840846887801,129.35434312425423,0.5371,41.7,77.1
86,26.5500615207526,122.31227285702064,1.3322,329.0,89.2
87,62.04062218461698,160.71491300587073,0.3869,167.9,47.1
88,42.656248294659804,126.45113937705013,0.1937,183.31,74.21000000000001
89,42.8656158105708,124.66120564929624,0.1954,188.2,74.2
90,33.65083854578323,160.89548663093188,0.3886,123.6,56.8
91,25.435798612539568,122.24836046542846,0.6308,352.8,88.2
92,26.694326000793872,128.9462231219256,0.1958,99.6,84.61999999999999
93,16.55592813003299,136.47189872906068,0.1042,65.5,73.6
94,9.993652159829498,48.02498587043441,0.2543,280.6,17.9
95,60.94960091954077,36.11554723456268,0.1815,225.2,25.0
96,18.227241081944644,118.8298467201871,0.2367,349.0,80.33
97,3.725030864879157,129.71082576389344,0.0306,29.50312583333333,65.71675419444445
98,21.748768424295513,172.20152885168952,2.107,107.2,45.1
99,16.55592813003299,136.47189872906068,0.1077,65.5,73.6
100,35.38937948952988,111.93312339585131,0.8081,238.8,77.5
101,17.114712025529975,98.1292705907871,1.3105,301.3,65.0
102,16.55592813003299,136.47189872906068,0.1042,65.5,73.6
103,-56.132412998451,109.35201745196801,0.5462,5.3,5.94
104,-5.856755310499701,176.91381543324135,0.3586,78.9,28.3
105,53.61016699086693,124.25512308472709,0.4548,191.1,63.5
106,-54.23462203930252,151.02437874430015,0.3921,28.9,5.1
107,9.283625054291257,112.62113922494454,0.3748,342.3,69.67
108,13.813313816473304,109.79923613388297,0.1141,327.61,71.9
109,36.81991343983299,346.82126089886503,0.5234,227.72916666666663,-13.897222222222222
110,48.077694554027865,37.74081354848636,0.1735,239.14,22.9
111,61.6205330173266,156.9421650060302,0.3348,169.08,48.75
112,-21.967353571142322,142.15874440449642,1.0106,35.5,37.5
113,-49.531955226512665,3.506834154049356,0.3603,326.1041666666667,-39.1
114,21.055035260957027,134.28077427120508,0.1861,74.9,78.0
115,46.56921679362799,210.39642835365572,0.6396,145.5,20.99
116,-8.58364071163474,74.23495697473568,0.1606,312.95,30.85
117,51.97843897837829,113.46177411934343,0.6837,206.3,64.15
118,31.497747730762114,63.23607273135066,0.2989,262.8,38.4
119,17.775332735818974,162.97584202552295,0.2097,97.2,52.0
120,49.509053478593,191.21218994702235,0.9489,146.1,34.1
121,17.08171736743501,102.97513393879872,0.2844,307.3,69.0
122,4.158930392421758,137.18992882455916,0.9786,46.0,63.3
123,-13.767963503542699,188.15408907233933,0.7297,78.6,14.7
124,28.388419962419647,178.10668773433613,0.6851,117.9,41.6
125,54.04500676028702,344.9365715624294,0.3762,216.0,-1.1
126,33.22875584653728,125.17236845808074,0.5405,175.8,83.6
127,34.80641141633926,99.17901043546622,1.1824,256.3,68.3
128,34.91953915726853,113.04231114802548,0.2953,237.8,78.5
129,-51.36810052327482,117.06072267223308,1.7526,9.125,11.333277777777775
130,-11.187463985010611,125.55225180437851,0.9699,17.0,51.6
131,12.116303590209657,112.15192693562608,0.1658,336.8,71.9
132,-7.634316057342218,163.4350233490884,0.2489,67.2,37.6
133,3.725030864879157,129.71082576389344,0.0285,29.50312583333333,65.71675419444445
134,7.118790885083462,132.04630780674637,0.4881,37.9,68.2
135,39.683847695513435,98.68451373672292,0.4876,244.7,66.3
136,19.681072885453514,113.80497681165714,0.9971,322.6,78.8
137,30.895038449766922,128.5655652725011,0.5004,141.6,83.8
138,75.10930466878621,170.55387936068306,0.5107,179.2,36.5
139,64.82850929044538,39.43347517311988,0.293,221.2,27.1
140,25.510440555854263,151.60899260025593,0.5405,105.8,64.3
141,23.631673448913524,230.7177114707859,0.6668,131.9,-3.8
142,16.55592813003299,136.47189872906068,0.0931,65.5,73.6
143,39.98651506086247,134.82175286141322,0.0879,158.4,73.8
144,39.98651506086247,134.82175286141322,0.0879,158.4,73.8
145,-21.742303694110483,49.71258035635325,0.6145,309.8,4.0
146,-10.417031485902852,188.66385199458048,0.1273,81.8,16.1
147,33.16077775463509,220.23499896133953,0.1375,135.67,8.9
148,-8.645550960357433,127.92677623253563,1.2536,21.26,53.9
149,-6.243424321006098,191.83076085503234,0.1982,87.2,15.6
150,3.725030864879157,129.71082576389344,0.0306,29.50312583333333,65.71675419444445
151,3.725030864879157,129.71082576389344,0.0235,29.50312583333333,65.71675419444445
152,-13.457665400181753,185.02118454566198,0.4505,77.1,17.4
153,-48.31133289410098,345.3537344703167,0.5705,327.35,-51.02916666666666
154,44.20055587971066,159.10874002611055,0.9247,142.98,56.4
155,-51.240394115762484,161.76575132591395,0.3519,36.05,4.5
156,44.62861034831066,100.51789521537368,0.4041,232.7,64.94
157,48.055457070015144,163.15715835530685,0.9093,147.7,52.5
158,23.064362754422916,133.02728194650652,0.4891,81.1,80.0
159,-24.425624135109828,162.77077423423106,1.6406,53.2,25.7
160,-67.21380369270359,143.45279754840675,0.5488,20.7,-5.6
161,-31.86743788039903,178.43127492120163,0.3895,58.3,10.8
162,16.55592813003299,136.47189872906068,0.1005,65.5,73.6
163,21.52961831394664,205.2407500794998,1.0594,119.175,16.149083333333333
164,51.998678437238894,124.54522395662714,0.3697,190.5,65.1
165,1.0643450985301144,67.74938837201681,0.132,299.4,31.1
166,34.91846517095796,123.38848401511734,0.2747,190.1,82.2
167,-0.22186828399675698,174.87952444384428,0.3352,82.994575,33.147941
168,-2.3237818043949745,124.6759557087138,0.8719,16.4,60.5
169,3.4289233227668667,128.4040554164936,0.0257,26.25,65.73
170,3.725030864879157,129.71082576389344,0.0343,29.50312583333333,65.71675419444445
171,16.55592813003299,136.47189872906068,0.1042,65.5,73.6
172,1.8854635418047643,147.47733856589454,0.3881,60.0,55.5
173,27.170158196072666,117.33502988214889,0.2029,281.1,85.02
174,12.95692771789583,89.74051789631109,0.6765,300.76,55.9
175,-13.472058843447625,184.0605813497068,1.5951,76.52916666666667,18.159916666666664
176,52.009988728851155,135.0684304678303,1.0435,176.0,63.5
177,-12.906395056909982,76.72268904984954,0.7105,318.6,29.9
178,50.99096282734022,191.59165770817827,0.2829,147.9,33.93
179,29.925658318806317,113.43118124897782,0.4673,262.1,81.2
180,44.602387673241374,42.81403640547854,0.8789,243.8,25.4
181,12.293332174622034,146.72782963415725,0.322,73.9,63.22
182,58.22491033715535,183.27921885773674,0.4543,157.2,38.28
183,29.20233649510108,76.98680129503506,0.5818,268.77,49.7
184,53.71441532771755,103.79363579668768,0.148,215.62,59.9
185,-16.075124321662006,109.96082846215816,0.3332,355.1,45.0
186,23.22839215941598,114.33426192698465,0.3704,307.6,81.3
187,54.21429684211973,64.55695493769902,0.4948,233.4,40.0
188,-14.65313323746424,110.4602355725525,0.1545,355.19,46.5
189,-43.36753936619198,118.9395855655386,1.6089,9.783333333333331,19.408805555555556
190,67.93163345670618,72.01402554726583,0.6746,215.0,39.3
191,27.420309770540758,84.865838689698,0.8135,273.4,56.3
192,-40.68067160900496,94.99454774498773,0.6403,351.0,17.4
193,51.89493726944104,116.06597707400319,0.7872,202.8,64.7
194,10.568373246776998,92.58810356980861,0.4194,307.1,57.0
195,-35.46084034677255,146.4113204295914,0.6038,33.6,23.6
196,-29.011385739756978,159.1553971443052,0.3468,47.31,24.0
197,44.12702536677391,120.62443616475323,2.3758,198.5,72.9
198,32.31095249942683,91.83442959964668,0.5356,264.4,62.6
199,23.489072640500364,146.18307257097547,0.2883,98.2,68.7
200,32.8050141999528,140.35393898935615,0.6374,127.7,73.9
201,62.54344788597445,134.98464786784137,0.6099,183.5,53.7
202,62.550192243003806,87.1042868204867,0.3831,216.4,47.5
203,-2.351299728435467,160.80076187468683,0.2361,70.0,43.1
204,43.890475981664444,179.3306675479136,1.0507,138.8,42.15
205,55.1206046599123,137.6990321341658,0.6136,175.9,60.02
206,67.4309025101076,149.0450457426312,1.1078,178.6,46.7
207,38.51840093360704,54.13582064597567,2.0132,252.62,32.4
208,10.132965552816591,173.7341578078462,0.2656,93.4,39.34
209,38.24419541397065,73.62339441009053,0.4784,254.8,47.56
210,8.972358387218627,89.3936002402596,0.3729,306.3,53.5
211,19.546557602270397,90.99112295468869,1.0666,290.5,59.8
212,8.629243199979525,120.42900873172513,1.5782,5.1,71.35
213,6.600889551652334,124.75050828238975,0.4924,18.0,69.4
214,21.21348555237079,88.57062607578276,0.3504,286.0,58.2
215,12.293332174622034,146.72782963415725,0.3251,73.9,63.22
216,45.02346719850847,128.28553496007177,1.8556,180.8,71.6
217,-48.49371336789049,130.17273531677904,0.6253,17.8,14.1
218,-10.755671990628695,105.21732799556037,0.1087,346.1,48.4
219,27.497229987287422,117.20653454491135,0.2378,277.4,84.9
220,56.33348874833422,39.60085593216362,0.3174,230.6,25.9
221,23.254584908045207,113.92534423747603,1.2757,306.31,80.98
222,3.725030864879157,129.71082576389344,0.0322,29.50312583333333,65.71675419444445
223,7.426798687893924,173.18713511556015,0.431,90.0,38.55
224,35.406726122051126,146.48797964729445,1.028,131.1,68.3
225,60.77545280644654,128.24826034958167,1.3325,188.2,56.16
226,24.74276526720859,124.9551199156825,0.2973,50.64,87.0
227,3.725030864879157,129.71082576389344,0.0361,29.50312583333333,65.71675419444445
228,72.75179326030666,227.71918339954692,0.556,174.9,21.6
229,79.54965353390165,207.64455252525187,0.1158,181.1,27.6
230,-16.499177825187918,109.8383146156713,0.2606,355.11,44.56
231,-11.050779313706247,145.26713007417018,0.6408,45.4,46.1
232,29.41123049082916,156.67072381584063,0.5657,115.3,60.3
233,61.21928561349451,135.33354027926404,0.6667,182.5,54.9
234,41.76232537400604,17.50066537317922,0.5594,239.32,7.3
235,3.725030864879157,129.71082576389344,0.0285,29.50312583333333,65.71675419444445
236,25.48080402411529,123.74094136120327,0.272,36.8,88.2
237,3.725030864879157,129.71082576389344,0.0306,29.50312583333333,65.71675419444445
238,72.44090810761847,267.9543762492619,0.2958,182.66,12.4
239,-14.780527295089037,105.76506796145306,0.3494,349.1,44.9
240,24.68705232923706,199.5795978563802,0.3344,120.2,22.16
241,20.392177443261772,106.570345071891,0.2676,303.6,73.6
242,16.105265416061645,126.82721674900364,0.6773,31.8,78.4
243,-52.284154334289504,113.96513590419997,0.7165,7.3,10.2
244,38.288905243774906,94.70668930793332,0.5452,250.4,63.9
245,31.865422305820196,82.15444289013772,0.4877,265.2,54.4
246,42.703889745921096,179.5476353681299,0.8996,137.2,42.0
247,47.81314706745576,33.015590635865635,0.3736,238.4,19.8
248,21.170654510816053,119.81694188899317,0.6865,346.7,83.4
249,16.919604836920556,124.41136383496477,0.998,20.8,79.7
250,43.86854679330854,78.17627370486768,0.9748,245.8,50.5
251,37.862329700581334,77.34897336754783,0.2218,255.3,50.5
252,27.65568939680891,126.42975306789559,0.9589,113.3,86.85
253,-39.18550491102181,143.35454076482227,1.2866,29.7,21.0
254,36.56466249049642,161.69300103855556,0.1886,128.8,56.0
255,47.85432477049648,120.68928942055615,0.5404,197.1,69.2
256,70.6278789466522,205.2809901331582,0.8307,171.0,28.0
257,-5.625932293950473,70.75951177683793,1.1149,307.8,29.9
258,-36.04300494456856,118.99929518708358,0.6611,9.3,26.72
259,-40.72328826735755,133.8149442336631,0.3618,21.7,21.4
260,-34.030422885544176,313.59832465791504,0.3473,322.4166666666667,-78.52416666666666
261,51.998678437238894,124.54522395662714,0.3665,190.5,65.1
262,1.0574187550535845,191.25505636604058,0.2679,93.57,19.7
263,6.199226004581822,203.64610791962485,1.0848,104.2,11.07
264,51.72955569431315,99.86427419514109,1.8202,221.8,59.9
265,32.595185227902434,71.87291528286899,0.6942,262.9,45.8
266,-7.000625181420937,166.71981091377498,0.372,70.5,35.6
267,37.91403399723997,0.2138057031226231,0.5059,234.7,-5.7
268,31.407804198649753,93.20640646710726,0.3709,266.3,63.8
269,-16.28273237790791,129.66493716562448,0.28,22.2,46.1
270,-9.358236719809126,97.75177453461029,0.2121,335.6,46.1
271,-39.722309392739966,108.44571929399628,0.795,0.9,21.8
272,20.930504937571627,125.41808660363226,0.1128,33.5,83.4
273,6.934846323903721,210.62405177085074,0.1461,108.0,5.2
274,26.524646737804833,19.797758726539165,0.1488,253.5,1.3
275,-1.9476449793549346,155.20439502138302,0.2352,64.95,47.44
276,38.69159050675721,168.85309699729729,0.4686,131.7,50.2
277,43.83788106126268,65.51983119644726,0.2225,247.0,41.42
278,68.51449762845535,37.60904134585729,0.1796,217.0,26.8
279,26.283959423312318,35.232755446599306,1.2315,260.0,13.53
280,35.44798068751669,90.48716717517752,0.4087,257.98,61.2
281,3.285592900304423,217.9985804606478,0.2072,108.1,-3.0
282,-43.520947467982786,117.90281082744637,0.8415,9.0,19.2
283,-3.8152050334546446,141.37127777699502,0.7715,45.6,54.3
284,23.448141009071144,130.66659086722734,0.6796,76.8,82.1
285,89.49708743421061,204.60224700722253,0.448,192.3,27.2
286,89.49708743421061,204.60224700722253,0.4434,192.3,27.2
287,36.26019485195478,103.22439739678994,0.6007,249.32,70.96000000000001
288,19.03985829970676,144.39870495197002,1.0316,85.1,68.7
289,-10.365356755500681,126.99256105151088,1.2933,19.4,52.3
290,31.57359705123838,106.47419940898351,0.3025,261.7,75.0
291,-30.201029990562777,76.32357959539665,0.3787,331.7,17.4
292,29.32218890068318,140.24871371193316,0.8008,115.1,74.6
293,75.31573599617762,54.895853233365976,1.1115,208.9,31.7
294,31.421528988012756,30.102092412021573,0.2118,253.31,11.55
295,-33.034035238938124,152.50450649431502,0.6265,39.7,23.6
296,16.25046750409454,119.2529529977567,0.3447,354.7,78.6
297,-21.783722238130224,103.21434645859512,1.1281,349.6,37.5
298,-27.00581047519497,113.42725472115467,0.4428,2.5,35.1
299,78.09036386128336,341.40172089801706,0.6684,200.6,17.6
300,-4.611483632141028,145.30093576710263,1.0139,50.5,51.6
301,70.6731380622619,42.99489363303168,0.4434,214.69,28.8
302,68.48696839529313,41.99438160706719,0.309,217.17,28.4
303,33.21814437327412,115.57566453196152,0.3286,237.3,81.2
304,-3.1154394427148797,58.00693420374626,0.3373,297.8,20.6
305,-43.860895022814155,72.44963379626071,0.2549,338.9,5.3
306,-26.66565473909654,155.39831538974445,0.5194,45.7,27.8
307,52.56267199794461,82.13470001432898,0.1806,231.5,50.5
308,3.725030864879157,129.71082576389344,0.0343,29.50312583333333,65.71675419444445
309,31.797145682883407,127.96260466449512,0.6271,150.9,83.6
310,-37.48878597000094,133.1842070158563,0.66,21.8,24.67
311,31.322941097745378,200.8989805009919,0.22,127.4,23.3
312,20.731236089011922,132.86654594896214,0.254,69.8,78.9
313,7.442536470227392,48.7111279226251,0.2514,283.32,17.4
314,-32.309294432098476,158.9246482649707,0.4526,45.1,21.4
315,-47.81800960285761,141.5798302575328,1.2818,25.6,13.2
316,67.79488773711947,238.59987601596427,0.9385,172.1,16.05
317,-47.35980124625171,96.15404556202888,1.7075,354.7,11.7
318,60.073406788984585,241.84457711355353,0.4997,166.5,10.4
319,-24.02099511425448,168.09933180004558,0.5785,57.5,22.8
320,36.216398011139525,122.38509753540417,0.273,195.65,80.9
321,23.797092946941284,127.35566784194428,0.2069,64.0,84.8
322,30.61457857845862,162.20973757833545,0.6934,118.2,55.6
323,-37.75965755762517,87.49373689299989,0.3011,344.2,17.1
324,23.21236874808408,187.00866343529475,0.403,114.32,32.5
325,35.49744124793182,143.22512711998777,0.4043,133.7,70.8
326,36.68087312340733,154.25154037064019,0.5542,130.6,61.9
327,65.1887901784342,310.4264443180155,0.3743,196.0,2.5
328,49.69242355986979,145.64133164939165,0.443,161.3,61.5
329,32.72047399627073,107.97480956633335,1.3635,255.9,75.9
330,21.40563703513619,119.32260101117868,0.626,342.2,83.4
331,37.9198361439998,23.34709795698068,0.1801,244.9,9.4
332,18.585437855620444,129.5670877552682,0.2931,49.8,79.5
333,42.572606805896704,120.147251247223,0.9807,200.5,74.39
334,19.068609067274988,76.74944752025756,0.5279,283.5,47.0
335,24.9121935381569,132.77982926223746,0.6523,91.0,80.88
336,31.007957194174836,128.75815439319683,0.2232,141.55,83.6
337,34.819891375705915,134.14899284345063,0.4088,144.3,77.7
338,34.819891375705915,134.14899284345063,0.4056,144.3,77.7
339,11.674206207647405,192.11942606340943,0.4765,104.2,23.7
340,26.923281099690765,121.94814734605372,0.5969,295.8,89.1
341,9.394015631346093,91.5615778218447,0.1973,307.8,55.5
342,25.40182919387961,119.79547812687376,0.5378,313.7,86.7
343,13.578413090323723,140.6662084756316,1.0144,67.1,68.6
344,16.11899990786161,94.43164406508025,0.1985,299.6,61.4
345,27.808715579882307,113.26705678499174,0.2813,276.1,81.4
346,43.62184562984943,165.49809652216692,0.5791,140.0,52.1
347,72.04377990965814,205.00190346658647,0.9624,172.6,28.14
348,49.4890692228641,131.43848062824134,1.0769,178.8,66.7
349,-39.36801990609264,146.0283405458321,0.6203,31.7,20.1
350,27.808715579882307,113.26705678499174,0.2829,276.1,81.4
351,-4.004831925312211,156.59332122240542,0.1466,64.3,45.0
352,-4.089882536201772,101.7946334494192,1.0552,336.45,52.7
353,22.020245148533416,148.5438874939886,0.4431,96.1,66.2
354,64.94360588721158,20.536148830393234,0.5258,218.87,19.4
355,-9.795703405805353,96.9505342148497,0.1752,335.0,45.3
356,34.80641141633926,99.17901043546622,1.1824,256.3,68.3
357,12.801690672697337,170.7965013696231,0.65,94.9,43.1
358,-35.06751048804588,133.5452112653418,0.7963,22.6,27.0
359,60.06200417150032,132.65376895907795,1.2095,184.1,56.4
360,20.32358110157872,43.21506229810131,0.5007,268.7,17.9
361,36.58291142731957,131.65594880371498,0.31,157.0,78.0
362,20.161734271840334,173.9017529654568,0.5703,105.78,43.1
363,41.91157589908223,87.9321251604882,1.5786,246.3,57.9
364,-10.92332516411312,107.75936437324981,0.68,349.7,49.2
365,37.73912334748296,109.00738783688345,0.2102,237.2,74.2
366,30.885335136008965,217.5983475595517,0.2029,132.6,9.9
367,9.167233847101377,59.66864873147028,0.2713,286.8,27.9
368,5.1340741598488755,93.93925331892925,1.5987,316.2,54.7
369,-1.4349195455048682,128.70867051970998,0.213,24.8,60.9
370,15.852756599302479,104.86643721217158,0.3871,313.1,69.8
371,59.632791404580296,220.29283341515526,0.4926,160.7,19.62
372,49.813434996700515,63.775928893085364,0.5117,239.18,40.0
373,-11.898105314984509,71.40186973737356,0.7919,313.9,26.6
374,25.69298438138524,124.93869470614965,0.3596,64.7,87.7
375,10.788228487513399,96.9446274757188,0.3957,311.6,60.6
376,22.58410164352984,128.20970381534966,0.7436,60.5,83.4
377,28.763476647015928,114.76015784284189,0.7798,268.2,82.6
378,27.246886701756896,203.4770669843992,0.4479,124.1,19.8
379,26.447061420441734,122.27300549433522,0.6937,331.9,89.1
380,55.00185576418287,131.08872836087704,0.4328,183.04,61.5
381,15.606751361001113,135.43825402538383,0.0946,60.62916666666667,73.64
382,-16.527222862605868,162.4542464849851,0.5088,58.8,31.9
383,28.003882802813546,91.04516536971853,0.5931,273.6,61.8
384,-35.92721175988644,128.05009533379925,0.7784,17.5,26.76
385,25.27949850780042,160.5749183992856,0.3536,108.4,56.3
386,63.84551774686092,68.97277099684338,0.3365,220.5,39.8
387,80.51105143941373,237.33608336332694,0.4417,183.48,22.9
388,20.578119007345713,128.1468062799934,1.0099,50.01,81.9
389,15.852756599302479,104.86643721217158,0.3856,313.1,69.8
390,17.72592046017187,136.83179714761616,0.5337,69.5,74.1
391,70.40067369457446,184.40329412377022,0.7806,171.8,34.9
392,27.183138880741943,105.70047153223595,1.0699,278.7,74.68
393,0.2020485921638428,133.26870109694084,0.6927,34.8,61.3
394,12.050441473860806,146.84721178102248,0.3253,73.62916666666666,62.98
395,65.8587072454006,97.73949964489763,0.2317,208.0,48.2
396,35.06327021561536,149.45477221632183,0.1804,128.74,66.03
397,72.43726102330261,211.15185705628693,1.0317,173.2,26.3
398,45.68460712073936,129.13028788575804,0.6781,179.6,70.8
399,31.79009361788616,139.81286121918473,0.4589,124.51,74.6
400,78.76474940472413,20.50274800695744,0.469,204.9,24.2
401,63.18568524240522,38.989359916024505,0.5537,223.0,26.7
402,29.57094079555981,28.998452059108732,0.3339,254.6,9.9
403,26.611810681391646,64.52811510667637,0.2755,269.2,38.4
404,21.332075254362977,125.90991866438122,0.1297,38.59,83.6
405,72.35399786469918,133.5873640416374,0.4946,188.36,44.4
406,23.44208396316421,81.3624902545464,0.3316,279.0,52.4
407,51.998678437238894,124.54522395662714,0.3665,190.5,65.1
408,25.777729945493572,140.64196475226254,1.09,102.0,74.1
409,-41.797528650290694,113.29156780147586,0.5016,5.2,20.5
410,8.74933775204908,166.8117586178321,0.9348,87.4,44.7
411,19.219402944846195,166.13683697747828,0.3543,101.01,49.7
412,32.42341916745452,190.47953385170769,0.5584,125.8,32.1
413,13.433311198691557,41.17562406842421,0.6916,274.4,13.3
414,50.739782055693475,75.29077201120403,1.0597,236.25,47.1
415,16.416119900704317,110.83948561031154,0.3471,324.1,74.5
416,11.963558039051344,212.6161077777711,1.8336,113.4,5.7
417,8.332694768035973,142.82010243454974,0.4221,61.6,63.4
418,41.20063548228219,63.15462842899109,0.4773,250.4,39.6
419,34.19978231552931,42.690911280362684,0.3564,254.7,22.4
420,33.539752305069086,87.7269215759336,1.073,262.2,59.1
421,26.772017930249458,123.7355040092492,0.2753,76.6,89.2
422,25.641295008332076,166.3165411760153,0.9567,110.8,51.3
423,34.14495944334977,140.58577503004358,0.549,132.0,73.3
424,21.191535312189384,102.77255400403489,1.0839,296.4,70.7
425,-37.47197596787043,275.9502346745786,0.6747,71.55833333333334,-65.07555555555555
426,22.32376567818564,184.40281678984059,0.7566,112.4,34.5
427,39.92796077161413,122.82776872357711,0.7454,193.22,77.2
428,75.90981484653068,101.626326322342,0.3853,199.5,40.1
429,-5.9806995524473,151.4599682990641,0.5654,56.9,46.9
430,30.140269082757666,130.0074242307898,0.3383,130.4,83.1
431,81.5229962420773,188.70953874208556,1.6449,183.9,30.32
432,3.559416508616572,142.0150834692366,0.516,53.9,60.2
433,40.28259853173072,133.51202856739394,0.2796,161.9,74.2
434,16.07173889453256,63.66189788053867,0.2999,281.3,34.28
435,31.93846833994008,158.1727164957005,1.2063,120.4,59.1
436,30.206843110587915,122.51731619209528,0.5332,199.5,86.9
437,23.040649708382198,130.52862585933744,0.4259,73.8,82.0
438,16.55592813003299,136.47189872906068,0.1023,65.5,73.6
439,22.867415023680586,137.31054031181458,0.3625,87.9,76.3
440,22.765038453618928,80.65945923350255,1.1554,279.79,51.6
441,75.34361473367684,85.76838089839164,0.5052,204.1,38.36
442,29.232650385546872,80.5681610098883,0.6293,269.41,52.8
443,37.2017064074744,122.06499764421237,0.7358,196.8,79.9
444,67.10149151486752,148.45786266906475,1.2165,178.6,47.1
445,27.909296440571367,126.8947305111383,0.4854,116.3,86.4
446,29.438688269203226,227.78115269743333,0.2728,135.5,1.46
447,39.92947995616738,88.33474244879808,0.8792,249.8,58.7
448,23.124236112186622,118.44937503350278,0.5603,326.5,84.3
449,30.224384853925432,121.07112964090621,0.2042,220.22,86.5
450,-23.189580644534654,150.43068312312363,0.606,43.3,33.1
451,-5.208092479977746,180.4007887019944,0.6241,81.7,25.8
452,47.18439728147378,186.85000553232874,1.2714,143.1,36.9
453,34.06554935381437,64.62838196457302,0.4724,259.8,40.0
454,-30.662372541355513,83.45399265953921,0.4081,337.0,21.0
455,27.706014263224223,122.30855677308091,1.0235,236.48,89.2
456,19.068609067274988,76.74944752025756,0.5294,283.5,47.0
457,32.126190036242136,102.52091550730664,0.8065,262.2,71.6
458,-17.29365988509818,195.66547395280438,1.5968,79.5,6.7
459,34.651590079171285,152.675955351522,0.2857,126.7,63.5
460,35.04603311921254,103.47959108289074,0.6396,252.6,71.6
461,-25.620521096042644,87.16824504836283,1.2023,336.6,27.0
462,16.390287098620743,22.364067316500257,0.1905,263.5,-1.6
463,21.844200835996183,39.36277198894337,0.5887,265.76,15.2
464,24.62406952773103,129.1154491270293,0.423,80.0,83.9
465,55.833644678704886,200.15066680243058,1.1581,154.0,29.2
466,-42.24924081463157,118.46407438295684,0.2348,9.33,20.5
467,41.91922314090435,93.6288605673799,0.3597,243.5,61.9
468,6.262483140872284,51.436154507487416,0.1343,285.7,19.3
469,74.83158969026883,159.15395585606953,0.7808,181.4,38.9
470,41.710896755848715,87.29924102580068,0.4968,246.9,57.5
471,45.439743233378486,127.69019987762027,0.6093,182.4,71.3
472,-7.950989207349696,120.63146555792852,0.5538,8.9,54.85
473,-4.791466730792898,169.58179080230516,0.4342,74.8,34.8
474,48.541747831039494,192.3347750955363,2.2121,145.0,33.3
475,70.36279637503316,181.1303246969389,0.5724,172.2,35.95
476,17.33623179582695,91.49667622938972,1.2445,294.9,59.4
477,50.71971554069519,134.9450114549901,1.0835,174.9,64.7
478,11.041649321670462,133.15132119700732,0.173,45.68,71.26
479,-22.947185289599716,179.341940237147,0.121,65.8,16.0
480,25.275338846228387,150.90981931562044,0.3993,105.0,64.88
481,28.598055777278606,119.64021204968896,0.1443,255.3,86.74
482,24.235937949836593,160.66154447130972,0.5513,106.6,56.0
483,22.696937539598583,144.33116894681342,0.7614,94.7,70.11999999999999
484,42.83997941579516,59.89958034544753,0.6046,248.1,37.3
485,65.8587072454006,97.73949964489763,0.2352,208.0,48.2
486,15.058847811514061,149.74756641416545,0.2988,82.49,62.31
487,-19.113649842035333,153.27361304829205,0.3925,48.6,35.2
488,56.96605505493358,169.5800878756525,0.9262,158.3,45.67
489,60.253804071393766,138.07401248382922,0.2519,179.7,55.3
490,-0.877341729244928,63.19590645509948,0.1904,298.6,26.2
491,24.348758869667712,121.5924600598989,0.7826,349.1,86.97
492,22.142068482934686,124.5563425130005,0.4495,29.7,84.8
493,50.058891980310314,139.55285368877355,0.7248,168.3,63.78
494,33.03166206991653,42.02690750374629,0.1114,255.7,21.5
495,28.464557912125372,122.45997130540088,0.9513,210.1,88.6
496,29.168848633290807,158.0294026297343,0.3152,115.0,59.1
497,-17.228768824438934,194.35754762279603,0.3554,78.9,7.8
498,69.64482185740168,218.85842161465632,0.9221,170.73,23.3
499,23.978545201206636,89.09302400962737,0.4389,281.1,59.4
500,-38.16518479969785,63.088444222413926,0.2938,329.9,4.0
501,25.820716968524806,125.94849293715485,0.3206,77.7,87.0
502,44.19248636093098,95.72863127755632,2.562,237.7,62.3
503,15.759146376305798,53.23411787252755,0.3436,277.2,24.9
504,34.018175568699455,82.08216040895886,0.7392,261.5,54.4
505,52.02796639337133,145.25022148611424,0.607,165.0,60.0
506,50.72542111355581,110.01866898251012,0.8696,212.0,64.44
507,32.63254652652391,127.97970471457734,0.3803,155.6,82.97
508,8.29492774284839,92.37104281601826,0.2581,310.2,55.5
509,-57.327759991357496,100.204933279829,0.7832,0.8,3.4
510,-39.36801990609264,146.0283405458321,0.6232,31.7,20.1
511,-33.907737758264254,199.84739530274555,0.3913,67.1,-5.0
512,27.754490594775124,113.28740842884066,0.2828,276.4583333333333,81.42
513,58.752389970675395,247.36378449558663,1.165,167.3,7.4
514,16.55592813003299,136.47189872906068,0.1005,65.5,73.6
515,-0.3788678550871932,182.50056404415486,0.0554,87.5,26.6
516,-14.67790375492249,98.21559128111862,1.0608,340.0,41.8
517,3.725030864879157,129.71082576389344,0.0343,29.50312583333333,65.71675419444445
518,72.38835558944756,231.93361157787464,0.8723,175.1,20.3
519,38.08373462770927,16.252745554809117,0.4312,242.01,4.6
520,27.793171609551518,123.17853425055812,0.1794,174.7,89.3
521,3.725030864879157,129.71082576389344,0.034,29.50312583333333,65.71675419444445
522,24.218525637605428,138.70521128395498,0.4786,94.8,75.5
523,3.725030864879157,129.71082576389344,0.0285,29.50312583333333,65.71675419444445
524,3.725030864879157,129.71082576389344,0.0322,29.50312583333333,65.71675419444445
525,3.725030864879157,129.71082576389344,0.0285,29.50312583333333,65.71675419444445
526,62.1695088525486,170.8191410441284,0.5336,164.6,42.99
527,65.1916461258468,170.6305525909108,0.6747,168.3,41.7
528,38.31100837611522,130.36237047461373,0.7543,165.6,77.2
529,18.96736353037907,105.83090644444378,0.3799,306.7,72.3
530,24.840065979842954,121.4893779878864,1.0702,343.0,87.36999999999999
531,26.372363559389907,119.56503062111977,0.596,296.21,86.9
532,19.36796421321424,53.295214566189046,0.3916,273.52,26.32
533,30.281734971981766,0.17906232183598425,1.1082,240.51779166666665,-10.711855555555555
534,44.00179617605832,117.03311937054187,0.7235,207.06666666666663,72.46972222222223
535,-54.88001991808729,122.31312000947484,0.5681,12.5,7.99
536,12.293332174622034,146.72782963415725,0.3251,73.9,63.22
537,21.095841978847478,158.60322019112746,0.4698,100.2,57.0
538,-5.282176810953497,161.92631831742793,0.4982,68.1,40.3
539,8.754099107667217,147.21181880441293,0.3782,68.74,60.6
540,35.25941559975067,120.98135587637609,0.3154,203.96,81.7
541,34.889144267299415,75.87209815563088,0.158,259.91,49.3
542,-10.05269864894201,93.28328805045756,0.3839,331.1,43.0
543,-62.28015724789375,127.96859107764742,0.3328,15.2,0.5
544,54.38165946885543,125.10480275303438,2.1523,190.1,62.7
545,-38.819825795687244,128.85324663420863,0.7468,17.9,23.82
546,1.3372923877133565,181.3438253933013,0.1642,88.5,28.47
547,23.606179249628095,134.00260927655782,0.6093,85.9,79.4
548,3.725030864879157,129.71082576389344,0.0306,29.50312583333333,65.71675419444445
549,14.136659269144754,132.38163406456658,0.3959,48.9,74.3
550,57.55303224575289,93.77130712916164,0.5423,218.8,53.3
551,3.996144367264488,130.62109797068715,0.0376,31.808333333333334,65.73
552,5.521322849212925,159.19667209913231,0.2893,77.4,49.3
553,76.8337369209075,334.13293472323176,0.9679,199.9,15.7
554,52.7517411616754,51.15170865947884,1.1462,235.6,32.1
555,3.725030864879157,129.71082576389344,0.0361,29.50312583333333,65.71675419444445
556,32.14757874184107,157.70069441864126,0.2146,120.81,59.5
557,3.725030864879157,129.71082576389344,0.0361,29.50312583333333,65.71675419444445
558,3.725030864879157,129.71082576389344,0.0322,29.50312583333333,65.71675419444445
559,50.220627006643944,262.6295795803425,0.1879,168.32,-4.81
560,-32.71299119332706,137.38722974324153,1.5468,26.7,28.6
561,57.55303224575289,93.77130712916164,0.5409,218.8,53.3
562,27.406323725882267,126.40552308808715,0.2528,108.8,86.9
563,-37.59621005942409,138.437061520166,0.5382,26.23,23.66
564,-9.007324827081755,141.56731147910043,0.154,42.0,49.6
565,-41.817021792296735,105.5200912960388,0.6854,359.2,19.2
566,-47.541447305241896,55.45288116110532,0.3393,334.0208333333333,-6.101666666666668
567,25.26247214182402,121.85774884557571,0.2876,345.3,87.9
568,28.699509433238514,122.36194121328565,0.2741,210.5,88.35
569,-12.463936207698529,177.2612801313276,0.3548,73.2,24.1
570,28.86075521324712,166.50772041478646,0.4705,115.94,51.7
571,16.55592813003299,136.47189872906068,0.1005,65.5,73.6
572,-33.710428031643524,313.7382137887956,0.3059,320.74583333333334,-78.60249999999999
573,39.93507144304076,140.84084598681957,0.4168,148.2,70.4
574,53.884286432276106,358.92674599184187,0.189,222.2,4.3
575,13.009342049867303,150.02763521311127,1.4326,79.12,61.0
576,30.64091050903433,39.79654973990205,0.6703,257.4,18.9
577,-4.898671605955225,158.96352679131368,0.0787,65.75,42.7
578,28.783533101762387,123.37048378872885,0.981,179.79,88.3
579,-25.40285401995699,82.65154027547563,0.5462,332.86,24.69
580,-25.110363080849964,108.33768650849107,0.5488,356.5,35.9
581,16.540181490975048,136.30546579367805,0.8327,65.075,73.70673888888889
582,54.15864567892508,55.115792852357465,0.2171,234.0,34.5
583,33.02889805568321,124.7209609641074,0.1834,178.6,83.9
584,-39.429565732846065,186.07557067131552,0.2564,56.43,1.2
585,40.102284437459794,187.7348155212069,0.6064,134.4,35.7
586,-17.684851256954563,74.99649920621312,0.1928,321.3,25.44
587,45.573503546005476,137.06232993839038,0.8494,165.2,68.4
588,33.08235517324984,117.10161760919668,0.2601,231.7,82.2
589,-22.195372851303848,144.88902425496465,0.4405,38.3,36.3
590,26.131671383819075,177.51088960470898,0.3322,114.8,41.6
591,3.7251388408737474,129.7112408410692,0.0317,29.504166666666663,65.71675277777778
592,3.7251388408737474,129.7112408410692,0.0317,29.504166666666663,65.71675277777778
593,3.7251388408737474,129.7112408410692,0.0317,29.504166666666663,65.71675277777778
594,3.7251388408737474,129.7112408410692,0.0317,29.504166666666663,65.71675277777778
595,42.8656158105708,124.66120564929624,0.1954,188.2,74.2
596,61.5277199487995,122.64688716553292,1.0015,193.1,55.6
597,64.46030578362469,336.2071219468614,0.5597,206.6,5.2
598,28.93051628994002,110.51749943113124,0.6057,270.63,78.9
599,25.889650543140363,118.44683116489402,1.0287,299.0,85.8
600,21.2500202372092,50.43185567238544,0.9884,270.5,24.5
601,-9.206112212710684,97.51677725826261,1.3594,335.2,46.1
602,31.128054308780587,122.97751631579304,0.9733,192.3,86.0
603,45.044578006346846,134.66293314435808,0.9183,168.3,69.78
604,20.13008411840489,106.71801969568607,0.1701,304.65,73.6
605,59.25916661221001,52.35251815652552,0.3028,227.9,32.9
606,-20.143936753014525,188.20130778214522,0.3632,73.2,11.1
607,13.032938472604753,214.11710876247088,0.5935,115.02,4.87
608,16.55592813003299,136.47189872906068,0.1005,65.5,73.6
609,18.099586428943713,137.71470548033497,0.121,72.40833333333333,73.66000000000001
610,63.51036991133299,309.76098618243185,0.4044,195.9,0.8
611,36.73634196618669,65.1904513216738,0.4182,256.4,40.8
612,30.350163909964508,102.23970073367654,0.9018,267.88,71.6
613,10.208192169638208,77.19441071036061,1.7917,295.3,43.8
614,64.88433291549057,113.81924142320558,0.7169,199.1,51.8
615,32.36168731638387,113.29789221947726,0.3903,248.5,80.14
616,-14.271951055779033,122.00411815671269,1.5727,11.5,48.59
617,-49.66599228107947,113.01754987565833,0.493,6.3,12.7
618,-30.201029990562777,76.32357959539665,0.3864,331.7,17.4
619,-8.742850578099135,91.5925691523804,0.5323,328.2,43.0
620,21.78327770191414,130.96056734916013,1.5211,68.4,80.95
621,39.945597563692694,224.60569381189345,0.3136,143.4,8.9
622,25.70061864533705,88.24550248731127,0.594,277.5,59.0
623,23.41690562950831,112.89658740262223,0.6841,302.9,80.2
624,25.878597959254705,132.21626506343367,0.891,96.4,81.6
625,28.380547849262715,149.2750844861095,0.8602,112.1,66.7
626,40.383361985699814,153.26387536763605,0.8365,138.6,61.71
627,42.84323115458188,124.69234513676412,0.1939,188.1083333333333,74.22
628,65.76066288797162,97.60868124629323,0.2317,208.15,48.25
629,-30.06305695514967,133.89000125244496,0.6235,24.027916666666663,31.856333333333332
630,48.955435429100554,289.6836383326059,0.4898,183.975,-13.0
631,42.89285112842583,122.07417314927552,0.1923,195.1708333333333,74.22
632,-34.38380120714343,311.54768714061737,0.5562,329.4166666666667,-79.64222222222223
633,17.32269504170553,91.50306464999606,1.2503,294.9291666666667,59.4
634,3.7331401368060244,129.6895948799412,0.036,29.45833333333333,65.73
635,-30.29312572253045,76.38810163822232,0.3834,331.80833333333334,17.37
636,3.8093146093111314,129.97299083038112,0.0306,30.17083333333333,65.73
637,-30.196121658040877,76.26622783338813,0.3833,331.65833333333336,17.37
638,16.583605619273026,136.42761485433806,0.1006,65.47083333333333,73.65
639,-30.274997659004526,76.38238375910964,0.3834,331.7916666666667,17.38
640,3.750239081127046,129.7543005925746,0.031,29.620833333333334,65.73
641,3.724780187434008,129.69712881770099,0.0284,29.47083333333333,65.72
642,4.133417933353143,131.0619781605878,0.0419,32.92916666666667,65.73
643,32.230618916406144,173.37807292912186,0.2864,122.20833333333331,46.27
644,31.211018012781068,173.22174228423293,0.2855,120.72083333333332,46.27
645,32.204886942513376,173.3743670007695,0.2864,122.17083333333332,46.27
646,51.96563212606061,124.62465382153715,0.3697,190.37916666666663,65.13
647,17.32825695538407,91.48894962578179,1.2473,294.90833333333336,59.39
648,-45.10254218041843,343.229482183637,0.4924,323.0,-53.333333333333336
649,64.9597106195082,95.03959450557637,0.2351,210.15833333333333,48.25
650,31.062051586173983,123.98544822608636,0.288,179.94166666666666,85.96000000000001
651,66.39894690292411,100.07030222116357,0.2301,206.3708333333333,48.26
652,34.14105393663802,173.46014791500363,0.3674,124.97083333333332,46.4
653,15.73676283872567,135.58066315905668,0.096,61.3,73.64
654,65.14425593438585,95.63271274868167,0.2298,209.69166666666663,48.26
655,3.7605140097493015,129.83151456402388,0.0294,29.808333333333334,65.72
656,4.2536925875132505,131.39644144641554,0.0437,33.791666666666664,65.74
657,16.6223327921522,136.5490101855826,0.1081,65.85,73.58999999999999
658,9.585948849445145,232.1125094790842,0.5779,120.4875,-12.262222222222222
659,-30.15708026947431,133.3289064870174,0.5559,23.445833333333333,31.85833333333333
660,65.79074061804018,97.7141937778037,0.2353,208.07083333333333,48.25
661,15.647767565266724,135.49861707727666,0.0867,60.87916666666667,73.63
662,66.57346017024354,100.80517927655063,0.2354,205.8583333333333,48.26
663,3.7251388408737474,129.7112408410692,0.0321,29.504166666666663,65.71675277777778
664,65.76092828687054,97.56702918906787,0.23,208.1708333333333,48.24
665,64.71932734453327,94.34702847824327,0.235,210.72916666666663,48.25
666,51.78246581101463,127.27011026129944,0.3754,186.47083333333333,65.13
667,51.964304419776354,124.65871422316584,0.3697,190.32916666666668,65.13
668,65.71931421420648,97.46481718712852,0.2317,208.25833333333333,48.25
669,27.727461239259945,113.27511492982941,0.2844,276.64166666666665,81.41000000000001
670,3.7701700723242957,129.82890885165975,0.0415,29.808333333333334,65.73
671,3.720964020371415,129.6431138290155,0.0357,29.341666666666665,65.73
672,3.7144755179488778,129.61820449870095,0.0336,29.279166666666665,65.73
673,3.7251388408737474,129.7112408410692,0.0317,29.504166666666663,65.71675277777778
674,3.7251388408737474,129.7112408410692,0.0317,29.504166666666663,65.71675277777778
675,3.7251388408737474,129.7112408410692,0.0323,29.504166666666663,65.71675277777778
676,30.903233497548815,120.00574188455863,0.442,226.29166666666663,85.44
677,27.748941530636515,113.26458571247153,0.2844,276.5,81.4
678,18.253046839295326,128.5634456243888,0.3223,44.34,79.72
679,-31.188935154205815,77.54158408490831,0.3813,333.2083333333333,17.37
680,-32.7511756935607,319.19091456021897,0.6241,308.55833333333334,-74.85166666666666
681,-64.69936029793557,23.73079866253631,0.3061,344.25,-28.23333333333333
682,65.00816944736786,95.18318341529016,0.2315,210.04166666666663,48.25
683,65.90053532079055,98.10569972410458,0.2318,207.77916666666667,48.25
684,3.7251388408737474,129.7112408410692,0.0318,29.504166666666663,65.71675277777778
685,3.7251388408737474,129.7112408410692,0.0316,29.504166666666663,65.71675277777778
686,3.7251388408737474,129.7112408410692,0.0317,29.504166666666663,65.71675277777778
687,40.27306848587686,143.10713063941566,0.072,146.25,68.77
688,39.86614058393457,135.01895025831305,0.0878,157.70833333333334,73.78999999999999
689,39.8889027374822,134.96620435398958,0.0878,157.87083333333334,73.8
690,39.95129365271759,134.87425183280652,0.0941,158.20833333333334,73.8
691,38.93919089003739,136.3253437176543,0.0864,152.80833333333334,73.74
692,38.956357551852065,136.30502396749364,0.0928,152.89166666666668,73.74
693,40.13085449531932,134.7232366395371,0.0923,158.94166666666666,73.74
694,40.17618869289887,134.65345484369675,0.0882,159.19166666666666,73.74
695,19.151554499719264,76.67318123776738,0.5253,283.35,46.96
696,17.2936960339167,91.5167718693308,1.2441,294.9916666666667,59.4
697,58.42475683354343,359.83678379826034,0.1838,219.13333333333333,7.7019
698,3.7366343896705057,129.70287124949726,0.0344,29.491666666666667,65.73
699,9.622459332665796,125.62903217639719,0.1965,21.641666666666666,72.31
700,3.6866363419630472,129.5101939974318,0.0273,29.008333333333333,65.73
701,3.752442980644659,129.7625931694757,0.0347,29.641666666666666,65.73
702,3.7353232448935034,129.69789281617707,0.0306,29.479166666666668,65.73
703,4.016575661364384,130.68844322588575,0.0381,31.979166666666668,65.73
704,3.7649740866713843,129.8480927728217,0.037,29.85,65.72
705,3.7251388408737474,129.7112408410692,0.0327,29.504166666666663,65.71675277777778
706,3.7251388408737474,129.7112408410692,0.0322,29.504166666666663,65.71675277777778
707,3.7251388408737474,129.7112408410692,0.0331,29.504166666666663,65.71675277777778
708,4.23984940344617,131.38661561815132,0.0384,33.75833333333333,65.73
709,15.22576293428534,135.01910521872665,0.0857,58.65833333333333,73.63
710,16.507860865304853,136.3833162538436,0.107,65.17083333333333,73.63
711,32.3421399352673,173.3939897901913,0.2882,122.37083333333334,46.27
712,18.98891682421874,76.74595024397027,0.5247,283.6083333333333,46.97
713,3.7251388408737474,129.7112408410692,0.0318,29.504166666666663,65.71675277777778
714,3.7251388408737474,129.7112408410692,0.0318,29.504166666666663,65.71675277777778
715,3.7251388408737474,129.7112408410692,0.0318,29.504166666666663,65.71675277777778
716,3.7251388408737474,129.7112408410692,0.0318,29.504166666666663,65.71675277777778
717,79.44731828788485,98.05089717643565,0.2223,198.36666666666667,36.59361111111112
718,-50.91287387521953,21.38712013425501,1.8995,328.57,-27.79
719,3.7252247802986487,129.71121808506535,0.0327,29.504166666666663,65.71684166666667
720,52.515848354071174,17.059381479276407,0.3797,229.6708333333333,12.339722222222225
721,-11.801321713848228,281.0852702890958,0.4048,135.38333333333333,-64.40472222222223
722,-16.893795359041015,254.34602982531007,0.147,105.25229166666666,-44.093066666666665
723,55.79895269294469,325.5301467889421,0.4613,205.37916666666663,-4.859999999999999
724,-3.4523258907107777,53.12143861898193,0.625,295.53333333333336,16.20903611111111
725,-50.060991172355784,4.374483807243824,0.2954,326.75,-38.516666666666666
726,41.12091574659604,142.33185403781178,0.073,149.1,68.78999999999999
727,-49.71153628910081,202.21366814248933,0.5516,53.75,-13.933333333333334
728,-47.26346991987214,169.34500830573748,0.7016,42.41,4.6746944444444445
729,19.118283229102033,110.10947335747687,0.7886,314.38,75.76
730,65.22068545898192,99.06139228379634,0.4012,207.8528,49.03494444444444
731,-8.878257903251438,341.5544764331471,0.2998,263.6708333333333,-49.23277777777778
732,-8.463881680864116,177.64959387335102,0.2442,76.99166666666666,26.19
733,-8.37908955356886,177.71166436623864,0.2368,77.10833333333333,26.19
734,41.229880621050214,142.26163680417963,0.0716,149.43,68.77
735,-7.363053340424186,178.43153705869588,0.2327,78.49166666666666,26.2
736,-8.524407686135445,177.60519392739687,0.2434,76.90833333333333,26.19
737,-57.42964646167792,46.429691215359206,0.7016,339.9,-15.809722222222222
738,-2.468940269646593,146.42892589728473,0.1263,53.99,52.73
739,34.00684593094388,123.09368516253558,0.4618,191.74,83.11999999999999
740,-8.49414883535358,177.62740056202284,0.2522,76.95,26.19
741,-9.563169789915289,176.84348012936934,0.2644,75.47916666666667,26.18
742,-54.04577945944181,351.01209725994687,0.3684,333.96666666666664,-45.907777777777774
743,-8.488096068447463,177.63184028977201,0.2462,76.95833333333333,26.19
744,-8.391206687912552,177.70280353257016,0.2425,77.09166666666667,26.19
745,-7.488285587798844,178.3424031872036,0.2348,78.32083333333334,26.2
746,-8.60908821141615,177.542944369298,0.2477,76.79166666666667,26.19
747,-9.248104037182502,177.06820671989882,0.2596,75.90833333333333,26.19
748,-8.354851317046432,177.72937966080934,0.2433,77.14166666666667,26.19
749,-8.354851317046432,177.72937966080934,0.2536,77.14166666666667,26.19
750,-8.370000834681242,177.71830859723977,0.2477,77.12083333333334,26.19
751,-8.819772532675534,177.77154405394836,0.2493,76.75,25.883333333333333
752,-8.524523848426828,177.76644565359118,0.2544,77.0125,26.06083333333333
753,-8.564909729184436,177.77119952076384,0.2482,76.97916666666667,26.03333333333333
754,-8.524523848426828,177.76644565359118,0.2562,77.0125,26.06083333333333
755,-8.524523848426828,177.76644565359118,0.2505,77.0125,26.06083333333333
756,-8.522840222115052,177.76764391591445,0.2478,77.01479166666667,26.060861111111112
757,-8.524523848426828,177.76644565359118,0.2534,77.0125,26.06083333333333
758,-8.524523848426828,177.76644565359118,0.2478,77.0125,26.06083333333333
759,-8.524523848426828,177.76644565359118,0.2515,77.0125,26.06083333333333
760,-8.524523848426828,177.76644565359118,0.2478,77.0125,26.06083333333333
761,-8.524523848426828,177.76644565359118,0.2487,77.0125,26.06083333333333
762,-8.524523848426828,177.76644565359118,0.2449,77.0125,26.06083333333333
763,-8.524523848426828,177.76644565359118,0.2515,77.0125,26.06083333333333
764,-8.524523848426828,177.76644565359118,0.2572,77.0125,26.06083333333333
765,-8.524523848426828,177.76644565359118,0.2469,77.0125,26.06083333333333
766,-8.524523848426828,177.76644565359118,0.243,77.0125,26.06083333333333
767,-8.523203608228238,177.76782865147186,0.2467,77.01458333333333,26.0605
768,-8.523203608228238,177.76782865147186,0.2456,77.01458333333333,26.0605
769,23.18822714904386,29.93555032393865,0.8631,260.7808708333333,7.861625
770,74.67737316972567,18.83744461269218,0.5724,208.96416666666667,22.48880555555556
771,68.6783496342458,117.0188911284957,0.2169,196.0875,48.30138888888889
772,-71.70462859588723,14.072725233978144,0.4558,352.4583333333333,-31.55
